{"cameraMode":{"drawMode":0,"name":"Shaded","section":"Shading Mode"},"sceneLighting":false,"audioPlay":false,"sceneViewState":{"showFog":false,"showMaterialUpdate":false,"showSkybox":false,"showFlares":false,"showImageEffects":false,"showParticleSystems":false},"in2DMode":false,"pivot":{"x":1.9841156005859376,"y":10.947715759277344,"z":-2.934994697570801},"rotation":{"x":-0.23659728467464448,"y":-0.6597036123275757,"z":-0.23128780722618104,"w":0.674908459186554},"size":49.05384063720703,"orthographic":false}