{"cameraMode":{"drawMode":0,"name":"Shaded","section":"Shading Mode"},"sceneLighting":false,"audioPlay":false,"sceneViewState":{"showFog":false,"showMaterialUpdate":false,"showSkybox":false,"showFlares":false,"showImageEffects":false,"showParticleSystems":false},"in2DMode":false,"pivot":{"x":-0.6449262499809265,"y":1.0469564199447632,"z":-50.73796463012695},"rotation":{"x":0.18344636261463166,"y":0.5703508853912354,"z":-0.13261303305625916,"w":0.78974449634552},"size":2.2583985328674318,"orthographic":false}