{"cameraMode":{"drawMode":0,"name":"Shaded","section":"Shading Mode"},"sceneLighting":false,"audioPlay":false,"sceneViewState":{"showFog":true,"showMaterialUpdate":false,"showSkybox":false,"showFlares":true,"showImageEffects":true,"showParticleSystems":true},"in2DMode":false,"pivot":{"x":0.025288820266723634,"y":0.061505258083343509,"z":0.04678750038146973},"rotation":{"x":-0.09317651391029358,"y":-0.0008991798968054354,"z":0.000087993816123344,"w":-0.9956678152084351},"size":4.547797203063965,"orthographic":false}