{"cameraMode":{"drawMode":0,"name":"Shaded","section":"Shading Mode"},"sceneLighting":true,"audioPlay":false,"sceneViewState":{"showFog":false,"showMaterialUpdate":false,"showSkybox":false,"showFlares":false,"showImageEffects":false,"showParticleSystems":false},"in2DMode":false,"pivot":{"x":4.434722900390625,"y":27.380615234375,"z":97.4434814453125},"rotation":{"x":0.015311725437641144,"y":-0.004508110228925943,"z":0.00013203182606957853,"w":0.999976396560669},"size":242.0929412841797,"orthographic":false}